CREATE DATABASE  IF NOT EXISTS `lams` /*!40100 DEFAULT CHARACTER SET latin1 */;
USE `lams`;
-- MySQL dump 10.13  Distrib 5.7.21, for Linux (x86_64)
--
-- Host: localhost    Database: lams
-- ------------------------------------------------------
-- Server version	5.7.21-0ubuntu0.16.04.1

/*!40101 SET @OLD_CHARACTER_SET_CLIENT=@@CHARACTER_SET_CLIENT */;
/*!40101 SET @OLD_CHARACTER_SET_RESULTS=@@CHARACTER_SET_RESULTS */;
/*!40101 SET @OLD_COLLATION_CONNECTION=@@COLLATION_CONNECTION */;
/*!40101 SET NAMES utf8 */;
/*!40103 SET @OLD_TIME_ZONE=@@TIME_ZONE */;
/*!40103 SET TIME_ZONE='+00:00' */;
/*!40014 SET @OLD_UNIQUE_CHECKS=@@UNIQUE_CHECKS, UNIQUE_CHECKS=0 */;
/*!40014 SET @OLD_FOREIGN_KEY_CHECKS=@@FOREIGN_KEY_CHECKS, FOREIGN_KEY_CHECKS=0 */;
/*!40101 SET @OLD_SQL_MODE=@@SQL_MODE, SQL_MODE='NO_AUTO_VALUE_ON_ZERO' */;
/*!40111 SET @OLD_SQL_NOTES=@@SQL_NOTES, SQL_NOTES=0 */;

--
-- Table structure for table `address_mstr`
--

DROP TABLE IF EXISTS `address_mstr`;
/*!40101 SET @saved_cs_client     = @@character_set_client */;
/*!40101 SET character_set_client = utf8 */;
CREATE TABLE `address_mstr` (
  `id` bigint(20) NOT NULL AUTO_INCREMENT,
  `street_name` varchar(45) DEFAULT NULL,
  `land_mark` varchar(45) DEFAULT NULL,
  `pincode` varchar(45) DEFAULT NULL,
  `city_id` bigint(20) unsigned DEFAULT NULL,
  `created_by` bigint(20) unsigned NOT NULL,
  `created_date` datetime DEFAULT NULL,
  `modified_by` bigint(20) DEFAULT NULL,
  `modified_date` datetime DEFAULT NULL,
  `is_active` bit(1) NOT NULL,
  `user_id` bigint(20) unsigned NOT NULL,
  `add_type` int(11) DEFAULT NULL,
  PRIMARY KEY (`id`),
  KEY `FK6qhfj7pppnst9dis3xs72aj47` (`city_id`),
  CONSTRAINT `FK6qhfj7pppnst9dis3xs72aj47` FOREIGN KEY (`city_id`) REFERENCES `city_mstr` (`id`)
) ENGINE=InnoDB AUTO_INCREMENT=15 DEFAULT CHARSET=latin1;
/*!40101 SET character_set_client = @saved_cs_client */;

--
-- Dumping data for table `address_mstr`
--

LOCK TABLES `address_mstr` WRITE;
/*!40000 ALTER TABLE `address_mstr` DISABLE KEYS */;
INSERT INTO `address_mstr` VALUES (5,'sfsdfsdf','sfsdfsf','382350',4,1,NULL,1,'2018-03-11 19:45:33','',1,1),(6,NULL,NULL,'382350',4,1,NULL,1,'2018-03-11 14:16:28','',1,2),(7,'sfsdfsdf','sfsdfsf','382350',4,1,NULL,NULL,NULL,'',1,2),(8,'sfsdfsdf','sfsdfsf','382350',4,1,NULL,NULL,NULL,'',1,2),(9,'sfsdfsdf','sfsdfsf','382350',4,1,NULL,1,'2018-03-11 19:39:27','',1,2),(10,'sfsdfsdf','sfsdfsf','382350',4,1,NULL,NULL,NULL,'',1,2),(11,NULL,NULL,'895625',4,20,NULL,NULL,NULL,'',20,1),(12,NULL,NULL,'895625',4,20,NULL,NULL,NULL,'',20,2),(13,'4-16-34','Near Salavivado','384265',4,23,NULL,NULL,NULL,'',23,1),(14,'4-16-34','Near Salavivado','384265',4,23,NULL,NULL,NULL,'',23,2);
/*!40000 ALTER TABLE `address_mstr` ENABLE KEYS */;
UNLOCK TABLES;

--
-- Table structure for table `application_type_mstr`
--

DROP TABLE IF EXISTS `application_type_mstr`;
/*!40101 SET @saved_cs_client     = @@character_set_client */;
/*!40101 SET character_set_client = utf8 */;
CREATE TABLE `application_type_mstr` (
  `id` bigint(20) NOT NULL,
  PRIMARY KEY (`id`)
) ENGINE=InnoDB DEFAULT CHARSET=latin1;
/*!40101 SET character_set_client = @saved_cs_client */;

--
-- Dumping data for table `application_type_mstr`
--

LOCK TABLES `application_type_mstr` WRITE;
/*!40000 ALTER TABLE `application_type_mstr` DISABLE KEYS */;
INSERT INTO `application_type_mstr` VALUES (5),(6),(7),(8),(9),(10),(11),(12),(13),(14),(15),(16),(17),(18),(19),(20),(21),(27);
/*!40000 ALTER TABLE `application_type_mstr` ENABLE KEYS */;
UNLOCK TABLES;

--
-- Table structure for table `applications`
--

DROP TABLE IF EXISTS `applications`;
/*!40101 SET @saved_cs_client     = @@character_set_client */;
/*!40101 SET character_set_client = utf8 */;
CREATE TABLE `applications` (
  `id` bigint(45) NOT NULL AUTO_INCREMENT,
  `application_type_id` bigint(20) DEFAULT NULL,
  `loan_type_id` bigint(20) DEFAULT NULL,
  `user_id` bigint(20) DEFAULT NULL,
  `outstanding_amount` double DEFAULT NULL,
  `emi` double DEFAULT NULL,
  `balance_tenure` double DEFAULT NULL,
  `close_before_disbsmnt` bigint(20) DEFAULT NULL,
  `tenure` int(11) DEFAULT NULL,
  `bank_name` varchar(100) DEFAULT NULL,
  `bank_acc_number` varchar(45) DEFAULT NULL,
  `loan_amount` double DEFAULT NULL,
  `created_date` datetime DEFAULT NULL,
  `created_by` bigint(20) DEFAULT NULL,
  `modified_date` datetime DEFAULT NULL,
  `modified_by` bigint(20) DEFAULT NULL,
  `is_active` bit(1) DEFAULT NULL,
  `lead_reference_no` varchar(100) NOT NULL,
  PRIMARY KEY (`id`),
  UNIQUE KEY `id_UNIQUE` (`id`),
  KEY `fk_application_type_mst_idx` (`application_type_id`),
  KEY `fk_loan_type_mst_idx` (`loan_type_id`),
  CONSTRAINT `fk_application_type_mst` FOREIGN KEY (`application_type_id`) REFERENCES `application_type_mstr` (`id`) ON DELETE NO ACTION ON UPDATE NO ACTION,
  CONSTRAINT `fk_loan_type_mst` FOREIGN KEY (`loan_type_id`) REFERENCES `loan_type_mstr` (`id`) ON DELETE NO ACTION ON UPDATE NO ACTION
) ENGINE=InnoDB AUTO_INCREMENT=5 DEFAULT CHARSET=latin1;
/*!40101 SET character_set_client = @saved_cs_client */;

--
-- Dumping data for table `applications`
--

LOCK TABLES `applications` WRITE;
/*!40000 ALTER TABLE `applications` DISABLE KEYS */;
INSERT INTO `applications` VALUES (2,7,24,1,NULL,NULL,NULL,NULL,NULL,NULL,NULL,NULL,'2018-03-11 19:02:52',1,NULL,NULL,'',''),(3,5,23,1,NULL,NULL,NULL,NULL,NULL,NULL,NULL,NULL,'2018-03-11 19:46:22',1,NULL,NULL,'',''),(4,6,25,1,NULL,NULL,NULL,NULL,NULL,NULL,NULL,NULL,'2018-03-11 19:56:18',1,NULL,NULL,'','');
/*!40000 ALTER TABLE `applications` ENABLE KEYS */;
UNLOCK TABLES;

--
-- Table structure for table `bank_guarantee_details`
--

DROP TABLE IF EXISTS `bank_guarantee_details`;
/*!40101 SET @saved_cs_client     = @@character_set_client */;
/*!40101 SET character_set_client = utf8 */;
CREATE TABLE `bank_guarantee_details` (
  `id` bigint(20) NOT NULL,
  PRIMARY KEY (`id`)
) ENGINE=InnoDB DEFAULT CHARSET=latin1;
/*!40101 SET character_set_client = @saved_cs_client */;

--
-- Dumping data for table `bank_guarantee_details`
--

LOCK TABLES `bank_guarantee_details` WRITE;
/*!40000 ALTER TABLE `bank_guarantee_details` DISABLE KEYS */;
/*!40000 ALTER TABLE `bank_guarantee_details` ENABLE KEYS */;
UNLOCK TABLES;

--
-- Table structure for table `bank_mstr`
--

DROP TABLE IF EXISTS `bank_mstr`;
/*!40101 SET @saved_cs_client     = @@character_set_client */;
/*!40101 SET character_set_client = utf8 */;
CREATE TABLE `bank_mstr` (
  `id` bigint(20) NOT NULL AUTO_INCREMENT,
  `email` varchar(45) DEFAULT NULL,
  `name` varchar(45) DEFAULT NULL,
  `created_by` bigint(20) DEFAULT NULL,
  `created_date` datetime DEFAULT NULL,
  `modified_by` bigint(20) DEFAULT NULL,
  `modified_date` datetime DEFAULT NULL,
  `is_active` bit(1) DEFAULT NULL,
  `code` varchar(45) DEFAULT NULL,
  PRIMARY KEY (`id`)
) ENGINE=InnoDB AUTO_INCREMENT=3 DEFAULT CHARSET=latin1;
/*!40101 SET character_set_client = @saved_cs_client */;

--
-- Dumping data for table `bank_mstr`
--

LOCK TABLES `bank_mstr` WRITE;
/*!40000 ALTER TABLE `bank_mstr` DISABLE KEYS */;
INSERT INTO `bank_mstr` VALUES (1,'axis@gmail.com','Axis',1,'2018-03-14 02:30:33',NULL,NULL,'','AXB'),(2,'adbi@gmail.com','IDBI',1,'2018-03-14 03:58:03',NULL,NULL,'','IDB');
/*!40000 ALTER TABLE `bank_mstr` ENABLE KEYS */;
UNLOCK TABLES;

--
-- Table structure for table `car_loan_details`
--

DROP TABLE IF EXISTS `car_loan_details`;
/*!40101 SET @saved_cs_client     = @@character_set_client */;
/*!40101 SET character_set_client = utf8 */;
CREATE TABLE `car_loan_details` (
  `id` bigint(20) NOT NULL,
  `car_cost` double DEFAULT NULL,
  PRIMARY KEY (`id`)
) ENGINE=InnoDB DEFAULT CHARSET=latin1;
/*!40101 SET character_set_client = @saved_cs_client */;

--
-- Dumping data for table `car_loan_details`
--

LOCK TABLES `car_loan_details` WRITE;
/*!40000 ALTER TABLE `car_loan_details` DISABLE KEYS */;
/*!40000 ALTER TABLE `car_loan_details` ENABLE KEYS */;
UNLOCK TABLES;

--
-- Table structure for table `cc_facilities_details`
--

DROP TABLE IF EXISTS `cc_facilities_details`;
/*!40101 SET @saved_cs_client     = @@character_set_client */;
/*!40101 SET character_set_client = utf8 */;
CREATE TABLE `cc_facilities_details` (
  `id` bigint(20) NOT NULL,
  PRIMARY KEY (`id`)
) ENGINE=InnoDB DEFAULT CHARSET=latin1;
/*!40101 SET character_set_client = @saved_cs_client */;

--
-- Dumping data for table `cc_facilities_details`
--

LOCK TABLES `cc_facilities_details` WRITE;
/*!40000 ALTER TABLE `cc_facilities_details` DISABLE KEYS */;
/*!40000 ALTER TABLE `cc_facilities_details` ENABLE KEYS */;
UNLOCK TABLES;

--
-- Table structure for table `city_mstr`
--

DROP TABLE IF EXISTS `city_mstr`;
/*!40101 SET @saved_cs_client     = @@character_set_client */;
/*!40101 SET character_set_client = utf8 */;
CREATE TABLE `city_mstr` (
  `id` bigint(20) unsigned NOT NULL AUTO_INCREMENT,
  `state_id` bigint(20) unsigned NOT NULL,
  PRIMARY KEY (`id`),
  KEY `fk_city_mstr_2_idx` (`state_id`),
  CONSTRAINT `fk_city_mstr_1` FOREIGN KEY (`id`) REFERENCES `mstr_base` (`id`) ON DELETE NO ACTION ON UPDATE NO ACTION,
  CONSTRAINT `fk_city_mstr_2` FOREIGN KEY (`state_id`) REFERENCES `state_mstr` (`id`) ON DELETE NO ACTION ON UPDATE NO ACTION
) ENGINE=InnoDB AUTO_INCREMENT=5 DEFAULT CHARSET=latin1;
/*!40101 SET character_set_client = @saved_cs_client */;

--
-- Dumping data for table `city_mstr`
--

LOCK TABLES `city_mstr` WRITE;
/*!40000 ALTER TABLE `city_mstr` DISABLE KEYS */;
INSERT INTO `city_mstr` VALUES (4,3);
/*!40000 ALTER TABLE `city_mstr` ENABLE KEYS */;
UNLOCK TABLES;

--
-- Table structure for table `country_mstr`
--

DROP TABLE IF EXISTS `country_mstr`;
/*!40101 SET @saved_cs_client     = @@character_set_client */;
/*!40101 SET character_set_client = utf8 */;
CREATE TABLE `country_mstr` (
  `id` bigint(20) unsigned NOT NULL AUTO_INCREMENT,
  PRIMARY KEY (`id`),
  CONSTRAINT `fk_country_mstr_1` FOREIGN KEY (`id`) REFERENCES `mstr_base` (`id`) ON DELETE NO ACTION ON UPDATE NO ACTION
) ENGINE=InnoDB AUTO_INCREMENT=3 DEFAULT CHARSET=latin1;
/*!40101 SET character_set_client = @saved_cs_client */;

--
-- Dumping data for table `country_mstr`
--

LOCK TABLES `country_mstr` WRITE;
/*!40000 ALTER TABLE `country_mstr` DISABLE KEYS */;
INSERT INTO `country_mstr` VALUES (2);
/*!40000 ALTER TABLE `country_mstr` ENABLE KEYS */;
UNLOCK TABLES;

--
-- Table structure for table `dropline_overdraft_facilities_details`
--

DROP TABLE IF EXISTS `dropline_overdraft_facilities_details`;
/*!40101 SET @saved_cs_client     = @@character_set_client */;
/*!40101 SET character_set_client = utf8 */;
CREATE TABLE `dropline_overdraft_facilities_details` (
  `id` bigint(20) NOT NULL,
  PRIMARY KEY (`id`)
) ENGINE=InnoDB DEFAULT CHARSET=latin1;
/*!40101 SET character_set_client = @saved_cs_client */;

--
-- Dumping data for table `dropline_overdraft_facilities_details`
--

LOCK TABLES `dropline_overdraft_facilities_details` WRITE;
/*!40000 ALTER TABLE `dropline_overdraft_facilities_details` DISABLE KEYS */;
/*!40000 ALTER TABLE `dropline_overdraft_facilities_details` ENABLE KEYS */;
UNLOCK TABLES;

--
-- Table structure for table `education_loan_details`
--

DROP TABLE IF EXISTS `education_loan_details`;
/*!40101 SET @saved_cs_client     = @@character_set_client */;
/*!40101 SET character_set_client = utf8 */;
CREATE TABLE `education_loan_details` (
  `id` bigint(20) NOT NULL,
  PRIMARY KEY (`id`)
) ENGINE=InnoDB DEFAULT CHARSET=latin1;
/*!40101 SET character_set_client = @saved_cs_client */;

--
-- Dumping data for table `education_loan_details`
--

LOCK TABLES `education_loan_details` WRITE;
/*!40000 ALTER TABLE `education_loan_details` DISABLE KEYS */;
/*!40000 ALTER TABLE `education_loan_details` ENABLE KEYS */;
UNLOCK TABLES;

--
-- Table structure for table `gold_loan_details`
--

DROP TABLE IF EXISTS `gold_loan_details`;
/*!40101 SET @saved_cs_client     = @@character_set_client */;
/*!40101 SET character_set_client = utf8 */;
CREATE TABLE `gold_loan_details` (
  `id` bigint(20) NOT NULL,
  PRIMARY KEY (`id`)
) ENGINE=InnoDB DEFAULT CHARSET=latin1;
/*!40101 SET character_set_client = @saved_cs_client */;

--
-- Dumping data for table `gold_loan_details`
--

LOCK TABLES `gold_loan_details` WRITE;
/*!40000 ALTER TABLE `gold_loan_details` DISABLE KEYS */;
/*!40000 ALTER TABLE `gold_loan_details` ENABLE KEYS */;
UNLOCK TABLES;

--
-- Table structure for table `home_loan_details`
--

DROP TABLE IF EXISTS `home_loan_details`;
/*!40101 SET @saved_cs_client     = @@character_set_client */;
/*!40101 SET character_set_client = utf8 */;
CREATE TABLE `home_loan_details` (
  `id` bigint(20) NOT NULL,
  `property_cost` double DEFAULT NULL,
  `property_address` varchar(100) DEFAULT NULL,
  PRIMARY KEY (`id`)
) ENGINE=InnoDB DEFAULT CHARSET=latin1;
/*!40101 SET character_set_client = @saved_cs_client */;

--
-- Dumping data for table `home_loan_details`
--

LOCK TABLES `home_loan_details` WRITE;
/*!40000 ALTER TABLE `home_loan_details` DISABLE KEYS */;
/*!40000 ALTER TABLE `home_loan_details` ENABLE KEYS */;
UNLOCK TABLES;

--
-- Table structure for table `lender_product_mapping`
--

DROP TABLE IF EXISTS `lender_product_mapping`;
/*!40101 SET @saved_cs_client     = @@character_set_client */;
/*!40101 SET character_set_client = utf8 */;
CREATE TABLE `lender_product_mapping` (
  `id` bigint(20) unsigned NOT NULL AUTO_INCREMENT,
  `created_by` bigint(20) unsigned DEFAULT NULL,
  `created_date` datetime DEFAULT NULL,
  `is_active` bit(1) DEFAULT NULL,
  `modified_by` bigint(20) unsigned DEFAULT NULL,
  `modified_date` datetime DEFAULT NULL,
  `user_id` bigint(20) unsigned DEFAULT NULL,
  `application_type_id` bigint(20) DEFAULT NULL,
  PRIMARY KEY (`id`),
  KEY `fk_lender_product_mapping_1_idx` (`application_type_id`),
  CONSTRAINT `fk_lender_product_mapping_1` FOREIGN KEY (`application_type_id`) REFERENCES `application_type_mstr` (`id`) ON DELETE NO ACTION ON UPDATE NO ACTION
) ENGINE=InnoDB AUTO_INCREMENT=12 DEFAULT CHARSET=latin1;
/*!40101 SET character_set_client = @saved_cs_client */;

--
-- Dumping data for table `lender_product_mapping`
--

LOCK TABLES `lender_product_mapping` WRITE;
/*!40000 ALTER TABLE `lender_product_mapping` DISABLE KEYS */;
INSERT INTO `lender_product_mapping` VALUES (4,3,'2018-03-14 03:56:13','\0',3,'2018-03-14 23:12:35',16,6),(5,3,'2018-03-14 04:01:48','',NULL,NULL,17,6),(6,3,'2018-03-14 23:12:35','\0',3,'2018-03-15 01:01:02',16,6),(7,3,'2018-03-15 00:42:39','\0',3,'2018-03-15 00:42:45',8,8),(8,3,'2018-03-15 00:42:45','\0',3,'2018-03-15 01:07:57',8,8),(9,3,'2018-03-15 01:01:02','',NULL,NULL,16,10),(10,3,'2018-03-15 01:06:21','',NULL,NULL,7,11),(11,3,'2018-03-15 01:07:58','',NULL,NULL,8,16);
/*!40000 ALTER TABLE `lender_product_mapping` ENABLE KEYS */;
UNLOCK TABLES;

--
-- Table structure for table `loan_against_property_details`
--

DROP TABLE IF EXISTS `loan_against_property_details`;
/*!40101 SET @saved_cs_client     = @@character_set_client */;
/*!40101 SET character_set_client = utf8 */;
CREATE TABLE `loan_against_property_details` (
  `id` bigint(20) NOT NULL,
  `property_market_value` double DEFAULT NULL,
  `property_address` varchar(100) DEFAULT NULL,
  `reason_for_lap` text,
  PRIMARY KEY (`id`)
) ENGINE=InnoDB DEFAULT CHARSET=latin1;
/*!40101 SET character_set_client = @saved_cs_client */;

--
-- Dumping data for table `loan_against_property_details`
--

LOCK TABLES `loan_against_property_details` WRITE;
/*!40000 ALTER TABLE `loan_against_property_details` DISABLE KEYS */;
/*!40000 ALTER TABLE `loan_against_property_details` ENABLE KEYS */;
UNLOCK TABLES;

--
-- Table structure for table `loan_against_securities_details`
--

DROP TABLE IF EXISTS `loan_against_securities_details`;
/*!40101 SET @saved_cs_client     = @@character_set_client */;
/*!40101 SET character_set_client = utf8 */;
CREATE TABLE `loan_against_securities_details` (
  `id` bigint(20) NOT NULL,
  PRIMARY KEY (`id`)
) ENGINE=InnoDB DEFAULT CHARSET=latin1;
/*!40101 SET character_set_client = @saved_cs_client */;

--
-- Dumping data for table `loan_against_securities_details`
--

LOCK TABLES `loan_against_securities_details` WRITE;
/*!40000 ALTER TABLE `loan_against_securities_details` DISABLE KEYS */;
/*!40000 ALTER TABLE `loan_against_securities_details` ENABLE KEYS */;
UNLOCK TABLES;

--
-- Table structure for table `loan_againstfds_details`
--

DROP TABLE IF EXISTS `loan_againstfds_details`;
/*!40101 SET @saved_cs_client     = @@character_set_client */;
/*!40101 SET character_set_client = utf8 */;
CREATE TABLE `loan_againstfds_details` (
  `id` bigint(20) NOT NULL,
  PRIMARY KEY (`id`)
) ENGINE=InnoDB DEFAULT CHARSET=latin1;
/*!40101 SET character_set_client = @saved_cs_client */;

--
-- Dumping data for table `loan_againstfds_details`
--

LOCK TABLES `loan_againstfds_details` WRITE;
/*!40000 ALTER TABLE `loan_againstfds_details` DISABLE KEYS */;
/*!40000 ALTER TABLE `loan_againstfds_details` ENABLE KEYS */;
UNLOCK TABLES;

--
-- Table structure for table `loan_type_mstr`
--

DROP TABLE IF EXISTS `loan_type_mstr`;
/*!40101 SET @saved_cs_client     = @@character_set_client */;
/*!40101 SET character_set_client = utf8 */;
CREATE TABLE `loan_type_mstr` (
  `id` bigint(20) NOT NULL,
  PRIMARY KEY (`id`),
  UNIQUE KEY `id_UNIQUE` (`id`)
) ENGINE=InnoDB DEFAULT CHARSET=latin1;
/*!40101 SET character_set_client = @saved_cs_client */;

--
-- Dumping data for table `loan_type_mstr`
--

LOCK TABLES `loan_type_mstr` WRITE;
/*!40000 ALTER TABLE `loan_type_mstr` DISABLE KEYS */;
INSERT INTO `loan_type_mstr` VALUES (22),(23),(24),(25);
/*!40000 ALTER TABLE `loan_type_mstr` ENABLE KEYS */;
UNLOCK TABLES;

--
-- Table structure for table `login_audit_trail`
--

DROP TABLE IF EXISTS `login_audit_trail`;
/*!40101 SET @saved_cs_client     = @@character_set_client */;
/*!40101 SET character_set_client = utf8 */;
CREATE TABLE `login_audit_trail` (
  `id` bigint(20) NOT NULL AUTO_INCREMENT,
  `email` varchar(45) DEFAULT NULL,
  `token` varchar(45) DEFAULT NULL,
  `user_id` bigint(20) DEFAULT NULL,
  `user_type` bigint(20) DEFAULT NULL,
  `login_date` datetime DEFAULT NULL,
  `is_active` bit(1) DEFAULT NULL,
  PRIMARY KEY (`id`)
) ENGINE=InnoDB AUTO_INCREMENT=29 DEFAULT CHARSET=latin1;
/*!40101 SET character_set_client = @saved_cs_client */;

--
-- Dumping data for table `login_audit_trail`
--

LOCK TABLES `login_audit_trail` WRITE;
/*!40000 ALTER TABLE `login_audit_trail` DISABLE KEYS */;
INSERT INTO `login_audit_trail` VALUES (1,'harshsuhagiya10@gmail.com','ecbcd340-eb2f-48e7-bd0e-11d52f883a42',1,1,'2018-02-19 03:04:43','\0'),(2,'patelakshay168@gmail.com','57ec9f4f-eb60-401c-b460-210b5cc32a28',2,2,'2018-02-19 03:08:41',''),(3,'admin@gmail.com','6fb57154-601f-4cf2-aef5-f2935f9d0af2',3,NULL,'2018-02-26 00:01:20','\0'),(4,'harshsuhagiya10@gmail.com','413c6dd9-a254-41f9-ad7a-3dc5e03adbc8',1,1,'2018-02-28 23:26:57','\0'),(5,'harshsuhagiya10@gmail.com','239fc406-8593-432d-9efe-8472a3038fd5',1,1,'2018-02-28 23:28:12','\0'),(6,'harshsuhagiya10@gmail.com','011f54c7-0488-4f09-92de-1bb768f20473',1,1,'2018-03-07 21:59:20','\0'),(7,'harshsuhagiya10@gmail.com','1caaf0c4-e53c-4152-b2ae-7cb8aafd7d34',1,1,'2018-03-07 21:59:36','\0'),(8,'harshsuhagiya10@gmail.com','9cda9783-4eba-4eda-b842-704b75efbcd8',1,1,'2018-03-07 22:02:13',''),(9,'harshsuhagiya10@gmail.com','a0505ece-3100-46c2-9d67-6010904f9fef',1,1,'2018-03-07 23:00:54',''),(10,'harshsuhagiya10@gmail.com','d00a5c50-997e-48cd-b0a8-96093fbe025a',1,1,'2018-03-10 18:11:55','\0'),(11,'harshsuhagiya10@gmail.com','88104b06-2776-4410-bc3a-f33eb871a114',1,2,'2018-03-11 18:39:29','\0'),(12,'harshsuhagiya10@gmail.com','b4a34489-6d13-41d6-8be7-1a9016d4a248',1,2,'2018-03-11 18:51:41','\0'),(13,'harshsuhagiya10@gmail.com','79c880e7-a9da-4083-ae6b-f6fac7dcef04',1,2,'2018-03-11 19:08:30','\0'),(14,'harshsuhagiya10@gmail.com','74e02250-3bf6-4ccd-b8b6-47ea0189ae95',1,2,'2018-03-11 19:44:40',''),(15,'admin@gmail.com','0045b5ef-416b-4ff6-8019-be280460aaf2',3,NULL,'2018-03-13 01:19:49',''),(16,'admin@gmail.com','a605b3ea-2829-4835-8b5d-5b21e126e175',3,NULL,'2018-03-13 01:31:18',''),(17,'admin@gmail.com','9674e40f-dbc2-4bf9-b1e0-4924c1f10726',3,NULL,'2018-03-14 00:34:52',''),(18,'admin@gmail.com','1aef9340-ed5f-4059-9559-eb4ae8508e05',3,NULL,'2018-03-14 00:42:08',''),(19,'admin@gmail.com','0930b47e-a6da-4379-8442-5831b102f963',3,NULL,'2018-03-14 22:58:44','\0'),(20,'admin@gmail.com','5fa995b4-e9ba-4a6d-8dcd-02a8a2164675',3,NULL,'2018-03-14 23:00:06','\0'),(21,'admin@gmail.com','d1e40a99-995b-45bb-a5ef-e66a1f75a6ab',3,NULL,'2018-03-14 23:27:08','\0'),(22,'admin@gmail.com','48260ffe-ddfc-4d44-98fc-6f4cba5c6467',3,NULL,'2018-03-15 00:41:35','\0'),(23,'harshsuhagiya10@gmail.com','43c7505a-86fb-4e47-8380-af91accf36ee',20,2,'2018-03-18 01:33:00',''),(24,'harshsuhagiya10@gmail.com','6345bf72-e6fb-49a8-a2b1-f94c29484892',20,2,'2018-03-18 01:38:24','\0'),(25,'harshsuhagiya10@gmail.com','0df10c3a-9631-4e52-9821-256d509c6749',20,2,'2018-03-18 01:47:30','\0'),(26,'harshsuhagiya10@gmail.com','f652c84a-ab1a-443b-b9f3-ddc1a1d75b72',20,2,'2018-03-18 01:49:41','\0'),(27,'patelakshay168@gmail.com','be805d3d-cf3c-4ec0-b79a-5cde4e6194e9',23,2,'2018-03-18 02:18:29','\0'),(28,'patelakshay168@gmail.com','fe7b5034-062d-4281-b08f-83c3eec6940f',23,2,'2018-03-18 02:18:41','');
/*!40000 ALTER TABLE `login_audit_trail` ENABLE KEYS */;
UNLOCK TABLES;

--
-- Table structure for table `mstr_base`
--

DROP TABLE IF EXISTS `mstr_base`;
/*!40101 SET @saved_cs_client     = @@character_set_client */;
/*!40101 SET character_set_client = utf8 */;
CREATE TABLE `mstr_base` (
  `id` bigint(20) unsigned NOT NULL AUTO_INCREMENT,
  `name` varchar(100) NOT NULL,
  `code` varchar(45) DEFAULT NULL,
  `is_active` bit(1) NOT NULL DEFAULT b'1',
  `created_by` bigint(20) unsigned DEFAULT NULL,
  `created_date` datetime NOT NULL DEFAULT CURRENT_TIMESTAMP,
  `modified_by` bigint(20) unsigned DEFAULT NULL,
  `modified_date` datetime DEFAULT NULL,
  PRIMARY KEY (`id`)
) ENGINE=InnoDB AUTO_INCREMENT=28 DEFAULT CHARSET=latin1;
/*!40101 SET character_set_client = @saved_cs_client */;

--
-- Dumping data for table `mstr_base`
--

LOCK TABLES `mstr_base` WRITE;
/*!40000 ALTER TABLE `mstr_base` DISABLE KEYS */;
INSERT INTO `mstr_base` VALUES (1,'Mr.','Mr.','',1,'2018-02-28 23:26:49',1,'2018-02-28 23:26:49'),(2,'India','IND','',1,'2018-02-28 23:26:49',1,'2018-02-28 23:26:49'),(3,'Gujarat','GJ','',1,'2018-02-28 23:26:49',1,'2018-02-28 23:26:49'),(4,'Ahmedabad','AHM','',1,'2018-02-28 23:26:49',1,'2018-02-28 23:26:49'),(5,'Home Loans','HL','',1,'2018-03-11 23:26:49',1,'2018-03-11 23:26:49'),(6,'Loan Against Property','HL','',1,'2018-03-11 23:26:49',1,'2018-03-11 23:26:49'),(7,'Secured Business Loans','HL','',1,'2018-03-11 23:26:49',1,'2018-03-11 23:26:49'),(8,'Working Capital Loans','HL','',1,'2018-03-11 23:26:49',1,'2018-03-11 23:26:49'),(9,'Education Loans','HL','',1,'2018-03-11 23:26:49',1,'2018-03-11 23:26:49'),(10,'Car Loans','HL','',1,'2018-03-11 23:26:49',1,'2018-03-11 23:26:49'),(11,'OverDraft Facilities','HL','',1,'2018-03-11 23:26:49',1,'2018-03-11 23:26:49'),(12,'DropLine OverDraft Facilities','HL','',1,'2018-03-11 23:26:49',1,'2018-03-11 23:26:49'),(13,'Bank Guarantee','HL','',1,'2018-03-11 23:26:49',1,'2018-03-11 23:26:49'),(14,'CC Facilities','HL','',1,'2018-03-11 23:26:49',1,'2018-03-11 23:26:49'),(15,'Term Loans','HL','',1,'2018-03-11 23:26:49',1,'2018-03-11 23:26:49'),(16,'Loan Against FDs','HL','',1,'2018-03-11 23:26:49',1,'2018-03-11 23:26:49'),(17,'Loan Against Securities','HL','',1,'2018-03-11 23:26:49',1,'2018-03-11 23:26:49'),(18,'Project Finance','HL','',1,'2018-03-11 23:26:49',1,'2018-03-11 23:26:49'),(19,'Private Equity Finance','HL','',1,'2018-03-11 23:26:49',1,'2018-03-11 23:26:49'),(20,'Gold Loans','HL','',1,'2018-03-11 23:26:49',1,'2018-03-11 23:26:49'),(21,'Others','HL','',1,'2018-03-11 23:26:49',1,'2018-03-11 23:26:49'),(22,'Existing Loans',NULL,'',1,'2018-03-11 23:26:49',1,'2018-03-11 23:26:49'),(23,'New Loan',NULL,'',1,'2018-03-11 23:26:49',1,'2018-03-11 23:26:49'),(24,'Bank Accounts',NULL,'\0',1,'2018-03-11 23:26:49',1,'2018-03-11 23:26:49'),(25,'Closed Loans',NULL,'',1,'2018-03-11 23:26:49',1,'2018-03-11 23:26:49'),(26,'Registration','RG','',1,'2018-03-17 00:30:35',1,'2018-03-17 00:30:35'),(27,'Personal Loan','PL','',1,'2018-03-11 23:26:49',1,'2018-03-11 23:26:49');
/*!40000 ALTER TABLE `mstr_base` ENABLE KEYS */;
UNLOCK TABLES;

--
-- Table structure for table `notification`
--

DROP TABLE IF EXISTS `notification`;
/*!40101 SET @saved_cs_client     = @@character_set_client */;
/*!40101 SET character_set_client = utf8 */;
CREATE TABLE `notification` (
  `id` bigint(20) unsigned NOT NULL AUTO_INCREMENT,
  `created_by` bigint(20) unsigned DEFAULT NULL,
  `created_date` datetime DEFAULT NULL,
  `is_active` bit(1) DEFAULT NULL,
  `modified_by` bigint(20) unsigned DEFAULT NULL,
  `modified_date` datetime DEFAULT NULL,
  `message` longtext,
  `notification_type` varchar(255) DEFAULT NULL,
  `template_name` varchar(255) DEFAULT NULL,
  `user_id` bigint(20) unsigned DEFAULT NULL,
  `provider` bigint(20) unsigned DEFAULT NULL,
  PRIMARY KEY (`id`),
  KEY `fk_notification_1_idx` (`provider`),
  CONSTRAINT `fk_notification_1` FOREIGN KEY (`provider`) REFERENCES `notification_provider` (`id`) ON DELETE NO ACTION ON UPDATE NO ACTION
) ENGINE=InnoDB AUTO_INCREMENT=46 DEFAULT CHARSET=latin1;
/*!40101 SET character_set_client = @saved_cs_client */;

--
-- Dumping data for table `notification`
--

LOCK TABLES `notification` WRITE;
/*!40000 ALTER TABLE `notification` DISABLE KEYS */;
INSERT INTO `notification` VALUES (3,1,'2018-03-13 01:54:35','',1,'2018-03-13 01:54:35','			\r\n<html>\r\n<body>\r\n    <h3>Hi,akshay.patel@capitaworld.com!</h3>\r\n    <p>UserName : akshay.patel@capitaworld.com</p>\r\n    <p>Password : 1991@akshay</p>\r\n</body>\r\n</html>','Email',NULL,1,1),(4,1,'2018-03-13 02:04:00','',1,'2018-03-13 02:04:00','			\r\n<html>\r\n<body>\r\n    <h3>Hi,akshay.patel@capitaworld.com!</h3>\r\n    <p>UserName : akshay.patel@capitaworld.com</p>\r\n    <p>Password : 1991@akshay</p>\r\n</body>\r\n</html>','Email',NULL,1,1),(5,1,'2018-03-13 02:15:06','',1,'2018-03-13 02:15:06','			\r\n<html>\r\n<body>\r\n    <h3>Hello Modern Saheb Farithi Testing Kru chu!</h3>\r\n    <p>Kem cho ?</p>\r\n</body>\r\n</html>','Email',NULL,1,1),(6,1,'2018-03-13 02:19:22','',1,'2018-03-13 02:19:22','			\r\n<html>\r\n<body>\r\n    <h3>Hi,akshay.patel@capitaworld.com!</h3>\r\n    <p>UserName : akshay.patel@capitaworld.com</p>\r\n    <p>Password : 1991@akshay</p>\r\n</body>\r\n</html>','Email',NULL,1,1),(7,1,'2018-03-14 00:07:04','',1,'2018-03-14 00:07:04','			\r\n<html>\r\n<body>\r\n    <h3>Hello Modern Saheb Farithi Testing Kru chu!</h3>\r\n    <p>Kem cho ?</p>\r\n</body>\r\n</html>','Email',NULL,1,1),(8,1,'2018-03-14 00:10:18','',1,'2018-03-14 00:10:18','			\r\n<html>\r\n<body>\r\n    <h3>Hello Modern Saheb Farithi Testing Kru chu!</h3>\r\n    <p>Kem cho ?</p>\r\n</body>\r\n</html>','Email',NULL,1,1),(9,1,'2018-03-14 00:12:08','',1,'2018-03-14 00:12:08','			\r\n<html>\r\n<body>\r\n    <h3>Hello Modern Saheb Farithi Testing Kru chu!</h3>\r\n    <p>Kem cho ?</p>\r\n</body>\r\n</html>','Email',NULL,1,1),(10,1,'2018-03-14 00:14:56','',1,'2018-03-14 00:14:56','			\r\n<html>\r\n<body>\r\n    <h3>Hello Modern Saheb Farithi Testing Kru chu!</h3>\r\n    <p>Kem cho ?</p>\r\n</body>\r\n</html>','Email',NULL,1,1),(11,1,'2018-03-14 00:16:30','',1,'2018-03-14 00:16:30','			\r\n<html>\r\n<body>\r\n    <h3>Hello Modern Saheb Farithi Testing Kru chu!</h3>\r\n    <p>Kem cho ?</p>\r\n</body>\r\n</html>','Email',NULL,1,1),(12,1,'2018-03-14 00:24:42','',1,'2018-03-14 00:24:42','			\r\n<html>\r\n<body>\r\n    <h3>Hello Modern Saheb Farithi Testing Kru chu!</h3>\r\n    <p>Kem cho ?</p>\r\n</body>\r\n</html>','Email',NULL,1,1),(13,1,'2018-03-14 00:27:25','',1,'2018-03-14 00:27:25','			\r\n<html>\r\n<body>\r\n    <h3>Hello Modern Saheb Farithi Testing Kru chu!</h3>\r\n    <p>Kem cho ?</p>\r\n</body>\r\n</html>','Email',NULL,1,1),(14,1,'2018-03-14 00:45:37','',1,'2018-03-14 00:45:37','			\r\n<html>\r\n<body>\r\n    <h3>Hi,Akshay Patel!</h3>\r\n    <p>UserName : akshay.patel@capitaworld.com</p>\r\n    <p>Password : 1991@akshay</p>\r\n</body>\r\n</html>','Email',NULL,1,1),(15,1,'2018-03-14 00:47:18','',1,'2018-03-14 00:47:18','			\r\n<html>\r\n<body>\r\n    <h3>Hi,Akshay Patel!</h3>\r\n    <p>UserName : akshay.patel@capitaworld.com</p>\r\n    <p>Password : 1991@akshay</p>\r\n</body>\r\n</html>','Email',NULL,1,1),(16,1,'2018-03-14 04:02:01','',1,'2018-03-14 04:02:01','			\r\n<html>\r\n<body>\r\n    <h3>Hi,Akshay Patel!</h3>\r\n    <p>UserName : akshay.patel@capitaworld.com</p>\r\n    <p>Password : 1111</p>\r\n</body>\r\n</html>','Email',NULL,1,1),(17,1,'2018-03-14 23:12:56','',1,'2018-03-14 23:12:56','			\r\n<html>\r\n<body>\r\n    <h3>Hi,Akshay Patel!</h3>\r\n    <p>UserName : akshay.patel@capitaworld.com</p>\r\n    <p>Password : 1111</p>\r\n</body>\r\n</html>','Email',NULL,1,1),(18,1,'2018-03-14 23:44:44','',1,'2018-03-14 23:44:44','			\r\n<html>\r\n<body>\r\n    <h3>Hi,Akshay Patel!</h3>\r\n    <p>UserName : akshay.patel@capitaworld.com</p>\r\n    <p>Password : 1111</p>\r\n    \r\n   <a href=\"http://localhost:8080/#/login\">Click Here</a> \r\n</body>\r\n</html>','Email',NULL,1,1),(19,1,'2018-03-15 01:06:38','',1,'2018-03-15 01:06:38','			\r\n<html>\r\n<body>\r\n    <h3>Hi,Sahil Patel!</h3>\r\n    <p>UserName : sap3791@yahoo.com</p>\r\n    <p>Password : sahil@123</p>\r\n    \r\n   <a href=\"http://localhost:8080/#/login\">Click Here to Login</a> \r\n</body>\r\n</html>','Email',NULL,1,1),(20,1,'2018-03-15 01:08:10','',1,'2018-03-15 01:08:10','			\r\n<html>\r\n<body>\r\n    <h3>Hi,Rahul Gupta!</h3>\r\n    <p>UserName : rahulweb@live.com</p>\r\n    <p>Password : rahul@123</p>\r\n    \r\n   <a href=\"http://localhost:8080/#/login\">Click Here to Login</a> \r\n</body>\r\n</html>','Email',NULL,1,1),(21,1,'2018-03-15 01:19:18','',1,'2018-03-15 01:19:18','			\r\n<html>\r\n<body>\r\n    <h3>Hi,Akshay Patel!</h3>\r\n    <p>UserName : akshay.patel@capitaworld.com</p>\r\n    <p>Password : 1111</p>\r\n    \r\n   <a href=\"http://localhost:8080/#/login\">Click Here to Login</a> \r\n</body>\r\n</html>','Email',NULL,1,1),(22,1,'2018-03-15 01:27:08','',1,'2018-03-15 01:27:08','			\r\n<html>\r\n<body>\r\n    <h3>Hi,Kushal shah!</h3>\r\n    <p>UserName : kushal@capitaworld.com</p>\r\n    <p>Password : kushal@123</p>\r\n    \r\n   <a href=\"http://localhost:8080/#/login\">Click Here to Login</a> \r\n</body>\r\n</html>','Email',NULL,1,1),(23,1,'2018-03-15 01:30:08','',1,'2018-03-15 01:30:08','			\r\n<html>\r\n<body>\r\n    <h3>Hi,Akshay Patel!</h3>\r\n    <p>UserName : akshay.patel@capitaworld.com</p>\r\n    <p>Password : 1111</p>\r\n    \r\n   <a href=\"http://localhost:8080/#/login\">Click Here to Login</a> \r\n</body>\r\n</html>','Email',NULL,1,1),(24,1,'2018-03-15 01:30:08','',1,'2018-03-15 01:30:08','			\r\n<html>\r\n<body>\r\n    <h3>Hi,Akshay Patel!</h3>\r\n    <p>UserName : akshay.patel@capitaworld.com</p>\r\n    <p>Password : 1111</p>\r\n    \r\n   <a href=\"http://localhost:8080/#/login\">Click Here to Login</a> \r\n</body>\r\n</html>','Email',NULL,1,1),(25,1,'2018-03-15 01:31:55','',1,'2018-03-15 01:31:55','			\r\n<html>\r\n<body>\r\n    <h3>Hi,Akshay Patel!</h3>\r\n    <p>UserName : akshay.patel@capitaworld.com</p>\r\n    <p>Password : 1111</p>\r\n    \r\n   <a href=\"http://localhost:8080/#/login\">Click Here to Login</a> \r\n</body>\r\n</html>','Email',NULL,1,1),(26,1,'2018-03-15 01:34:10','',1,'2018-03-15 01:34:10','			\r\n<html>\r\n<body>\r\n    <h3>Hi,Akshay Patel!</h3>\r\n    <p>UserName : akshay.patel@capitaworld.com</p>\r\n    <p>Password : 1111</p>\r\n    \r\n   <a href=\"http://localhost:8080/#/login\">Click Here to Login</a> \r\n</body>\r\n</html>','Email',NULL,1,1),(27,1,'2018-03-17 01:30:43','',1,'2018-03-17 01:30:43',' Dear user harshsuhagiya10@gmail.com, Welcome to VFinance! To verify your Account please enter this OTP: 361850 Do not share this OTP to anyone for security reasons','SMS',NULL,NULL,2),(28,1,'2018-03-17 23:11:43','',1,'2018-03-17 23:11:43',' Dear user harshsuhagiya10@gmail.com, Welcome to VFinance! To verify your Account please enter this OTP: 566327 Do not share this OTP to anyone for security reasons','SMS',NULL,NULL,2),(29,1,'2018-03-17 23:16:01','',1,'2018-03-17 23:16:01',' Dear user harshsuhagiya10@gmail.comm, Welcome to VFinance! To verify your Account please enter this OTP: 763028 Do not share this OTP to anyone for security reasons','SMS',NULL,NULL,2),(30,1,'2018-03-17 23:50:57','',1,'2018-03-17 23:50:57',' Dear user harshsuhagiya10@gmail.comm, Welcome to VFinance! To verify your Account please enter this OTP: 726750 Do not share this OTP to anyone for security reasons','SMS',NULL,NULL,2),(31,1,'2018-03-18 00:03:30','',1,'2018-03-18 00:03:30',' Dear user harshsuhagiya10@gmail.comm, Welcome to VFinance! To verify your Account please enter this OTP: 474844 Do not share this OTP to anyone for security reasons','SMS',NULL,NULL,2),(32,1,'2018-03-18 00:05:09','',1,'2018-03-18 00:05:09',' Dear user harshsuhagiya10@gmail.comm, Welcome to VFinance! To verify your Account please enter this OTP: 040028 Do not share this OTP to anyone for security reasons','SMS',NULL,NULL,2),(33,1,'2018-03-18 00:08:36','',1,'2018-03-18 00:08:36',' Dear user harshsuhagiya10@gmail.comm, Welcome to VFinance! To verify your Account please enter this OTP: 556038 Do not share this OTP to anyone for security reasons','SMS',NULL,NULL,2),(34,1,'2018-03-18 00:13:03','',1,'2018-03-18 00:13:03',' Dear user harshsuhagiya10@gmail.comm, Welcome to VFinance! To verify your Account please enter this OTP: 280030 Do not share this OTP to anyone for security reasons','SMS',NULL,NULL,2),(35,1,'2018-03-18 00:13:36','',1,'2018-03-18 00:13:36',' Dear user harshsuhagiya10@gmail.comm, Welcome to VFinance! To verify your Account please enter this OTP: 016026 Do not share this OTP to anyone for security reasons','SMS',NULL,NULL,2),(36,1,'2018-03-18 00:17:44','',1,'2018-03-18 00:17:44',' Dear user harshsuhagiya10@gmail.comm, Welcome to VFinance! To verify your Account please enter this OTP: 300078 Do not share this OTP to anyone for security reasons','SMS',NULL,NULL,2),(37,1,'2018-03-18 00:19:17','',1,'2018-03-18 00:19:17',' Dear user harshsuhagiya10@gmail.comm, Welcome to VFinance! To verify your Account please enter this OTP: 542100 Do not share this OTP to anyone for security reasons','SMS',NULL,NULL,2),(38,1,'2018-03-18 00:48:29','',1,'2018-03-18 00:48:29',' Dear user harshsuhagiya10@gmail.com, Welcome to VFinance! To verify your Account please enter this OTP: 017044 Do not share this OTP to anyone for security reasons','SMS',NULL,NULL,2),(39,1,'2018-03-18 00:51:02','',1,'2018-03-18 00:51:02',' Dear user harshsuhagiya10@gmail.com, Welcome to VFinance! To verify your Account please enter this OTP: 060333 Do not share this OTP to anyone for security reasons','SMS',NULL,NULL,2),(40,1,'2018-03-18 00:52:10','',1,'2018-03-18 00:52:10',' Dear user harshsuhagiya10@gmail.com, Welcome to VFinance! To verify your Account please enter this OTP: 301735 Do not share this OTP to anyone for security reasons','SMS',NULL,NULL,2),(41,1,'2018-03-18 00:53:36','',1,'2018-03-18 00:53:36',' Dear user harshsuhagiya10@gmail.com, Welcome to VFinance! To verify your Account please enter this OTP: 010612 Do not share this OTP to anyone for security reasons','SMS',NULL,NULL,2),(42,1,'2018-03-18 00:55:14','',1,'2018-03-18 00:55:14',' Dear user harshsuhagiya10@gmail.com, Welcome to VFinance! To verify your Account please enter this OTP: 056010 Do not share this OTP to anyone for security reasons','SMS',NULL,NULL,2),(43,1,'2018-03-18 02:09:36','',1,'2018-03-18 02:09:36',' Dear user patelakshay168@gmail.com, Welcome to VFinance! To verify your Account please enter this OTP: 370207 Do not share this OTP to anyone for security reasons','SMS',NULL,NULL,2),(44,1,'2018-03-18 02:09:55','',1,'2018-03-18 02:09:55',' Dear user patelakshay168@gmail.com, Welcome to VFinance! To verify your Account please enter this OTP: 015008 Do not share this OTP to anyone for security reasons','SMS',NULL,NULL,2),(45,1,'2018-03-18 02:16:14','',1,'2018-03-18 02:16:14',' Dear user patelakshay168@gmail.com, Welcome to VFinance! To verify your Account please enter this OTP: 000142 Do not share this OTP to anyone for security reasons','SMS',NULL,NULL,2);
/*!40000 ALTER TABLE `notification` ENABLE KEYS */;
UNLOCK TABLES;

--
-- Table structure for table `notification_log`
--

DROP TABLE IF EXISTS `notification_log`;
/*!40101 SET @saved_cs_client     = @@character_set_client */;
/*!40101 SET character_set_client = utf8 */;
CREATE TABLE `notification_log` (
  `id` bigint(20) unsigned NOT NULL AUTO_INCREMENT,
  `created_by` bigint(20) unsigned DEFAULT NULL,
  `created_date` datetime DEFAULT NULL,
  `is_active` bit(1) DEFAULT NULL,
  `modified_by` bigint(20) unsigned DEFAULT NULL,
  `modified_date` datetime DEFAULT NULL,
  `is_sent` bigint(20) unsigned DEFAULT NULL,
  `log_message` varchar(255) DEFAULT NULL,
  `log_response` varchar(255) DEFAULT NULL,
  `mobile` varchar(255) DEFAULT NULL,
  `notification_type` varchar(255) DEFAULT NULL,
  `resent_count` bigint(20) DEFAULT NULL,
  `status` bigint(20) DEFAULT NULL,
  `subject` varchar(255) DEFAULT NULL,
  `to_email` varchar(255) DEFAULT NULL,
  `notification_id` bigint(20) unsigned DEFAULT NULL,
  PRIMARY KEY (`id`),
  KEY `fk_notification_log_1_idx` (`notification_id`),
  CONSTRAINT `fk_notification_log_1` FOREIGN KEY (`notification_id`) REFERENCES `notification` (`id`) ON DELETE NO ACTION ON UPDATE NO ACTION
) ENGINE=InnoDB AUTO_INCREMENT=44 DEFAULT CHARSET=latin1;
/*!40101 SET character_set_client = @saved_cs_client */;

--
-- Dumping data for table `notification_log`
--

LOCK TABLES `notification_log` WRITE;
/*!40000 ALTER TABLE `notification_log` DISABLE KEYS */;
INSERT INTO `notification_log` VALUES (2,1,'2018-03-13 01:54:35','',1,'2018-03-13 01:54:35',0,'Email Sent Successfully','200',NULL,NULL,0,200,'Invitation From VFinance','akshay.patel@capitaworld.com',3),(3,1,'2018-03-13 02:04:00','',1,'2018-03-13 02:04:00',0,'Email Sent Successfully','200',NULL,NULL,0,200,'Invitation From VFinance','akshay.patel@capitaworld.com',4),(4,1,'2018-03-13 02:15:06','',1,'2018-03-13 02:15:06',0,'Email Sent Successfully','200',NULL,NULL,0,200,'Testing Email','harshsuhagiya10@gmail.com',5),(5,1,'2018-03-13 02:19:22','',1,'2018-03-13 02:19:22',0,'Email Sent Successfully','200',NULL,NULL,0,200,'Invitation From VFinance','akshay.patel@capitaworld.com',6),(6,1,'2018-03-14 00:07:04','',1,'2018-03-14 00:07:04',0,'Failure While Sending Email','500',NULL,NULL,0,200,'Testing Email','patelakshay168@gmail.com',7),(7,1,'2018-03-14 00:10:18','',1,'2018-03-14 00:10:18',0,'Failure While Sending Email','500',NULL,NULL,0,200,'Testing Email','patelakshay168@gmail.com',8),(8,1,'2018-03-14 00:12:08','',1,'2018-03-14 00:12:08',0,'Failure While Sending Email','500',NULL,NULL,0,200,'Testing Email','patelakshay168@gmail.com',9),(9,1,'2018-03-14 00:14:56','',1,'2018-03-14 00:14:56',0,'Failure While Sending Email','500',NULL,NULL,0,200,'Testing Email','akshay.patel@capitaworld.com',10),(10,1,'2018-03-14 00:16:30','',1,'2018-03-14 00:16:30',0,'Failure While Sending Email','500',NULL,NULL,0,200,'Testing Email','akshay.patel@capitaworld.com',11),(11,1,'2018-03-14 00:24:42','',1,'2018-03-14 00:24:42',0,'Failure While Sending Email','500',NULL,NULL,0,200,'Testing Email','akshay.patel@capitaworld.com',12),(12,1,'2018-03-14 00:27:25','',1,'2018-03-14 00:27:25',0,'Email Sent Successfully','200',NULL,NULL,0,200,'Testing Email','akshay.patel@capitaworld.com',13),(13,1,'2018-03-14 00:45:37','',1,'2018-03-14 00:45:37',0,'Email Sent Successfully','200',NULL,NULL,0,200,'Invitation From VFinance','akshay.patel@capitaworld.com',14),(14,1,'2018-03-14 00:47:18','',1,'2018-03-14 00:47:18',0,'Email Sent Successfully','200',NULL,NULL,0,200,'Invitation From VFinance','akshay.patel@capitaworld.com',15),(15,1,'2018-03-14 04:02:01','',1,'2018-03-14 04:02:01',0,'Email Sent Successfully','200',NULL,NULL,0,200,'Invitation From VFinance','akshay.patel@capitaworld.com',16),(16,1,'2018-03-14 23:12:56','',1,'2018-03-14 23:12:56',0,'Email Sent Successfully','200',NULL,NULL,0,200,'Invitation From VFinance','akshay.patel@capitaworld.com',17),(17,1,'2018-03-14 23:44:44','',1,'2018-03-14 23:44:44',0,'Email Sent Successfully','200',NULL,NULL,0,200,'Invitation From VFinance','akshay.patel@capitaworld.com',18),(18,1,'2018-03-15 01:06:38','',1,'2018-03-15 01:06:38',0,'Email Sent Successfully','200',NULL,NULL,0,200,'Invitation From VFinance','sap3791@yahoo.com',19),(19,1,'2018-03-15 01:08:10','',1,'2018-03-15 01:08:10',0,'Email Sent Successfully','200',NULL,NULL,0,200,'Invitation From VFinance','rahulweb@live.com',20),(20,1,'2018-03-15 01:19:18','',1,'2018-03-15 01:19:18',0,'Email Sent Successfully','200',NULL,NULL,0,200,'Invitation From VFinance','akshay.patel@capitaworld.com',21),(21,1,'2018-03-15 01:27:08','',1,'2018-03-15 01:27:08',0,'Email Sent Successfully','200',NULL,NULL,0,200,'Invitation From VFinance','kushal@capitaworld.com',22),(22,1,'2018-03-15 01:30:08','',1,'2018-03-15 01:30:08',0,'Email Sent Successfully','200',NULL,NULL,0,200,'Invitation From VFinance','akshay.patel@capitaworld.com',23),(23,1,'2018-03-15 01:30:08','',1,'2018-03-15 01:30:08',0,'Email Sent Successfully','200',NULL,NULL,0,200,'Invitation From VFinance','akshay.patel@capitaworld.com',24),(24,1,'2018-03-15 01:31:55','',1,'2018-03-15 01:31:55',0,'Email Sent Successfully','200',NULL,NULL,0,200,'Invitation From VFinance','akshay.patel@capitaworld.com',25),(25,1,'2018-03-15 01:34:10','',1,'2018-03-15 01:34:10',0,'Email Sent Successfully','200',NULL,NULL,0,200,'Invitation From VFinance','akshay.patel@capitaworld.com',26),(26,1,'2018-03-17 23:11:43','',1,'2018-03-17 23:11:43',0,'OK : 919722232445','200','919722232445',NULL,0,200,NULL,NULL,28),(27,1,'2018-03-17 23:16:01','',1,'2018-03-17 23:16:01',0,'OK : 919722232445','200','919722232445',NULL,0,200,NULL,NULL,29),(28,1,'2018-03-17 23:50:57','',1,'2018-03-17 23:50:57',0,'OK : 919722232445','200','919722232445',NULL,0,200,NULL,NULL,30),(29,1,'2018-03-18 00:03:30','',1,'2018-03-18 00:03:30',0,'OK : 919722232445','200','919722232445',NULL,0,200,NULL,NULL,31),(30,1,'2018-03-18 00:05:09','',1,'2018-03-18 00:05:09',0,'OK : 919722232445','200','919722232445',NULL,0,200,NULL,NULL,32),(31,1,'2018-03-18 00:08:36','',1,'2018-03-18 00:08:36',0,'OK : 919722232445','200','919722232445',NULL,0,200,NULL,NULL,33),(32,1,'2018-03-18 00:13:03','',1,'2018-03-18 00:13:03',0,'OK : 919722232445','200','919722232445',NULL,0,200,NULL,NULL,34),(33,1,'2018-03-18 00:13:36','',1,'2018-03-18 00:13:36',0,'OK : 918160810053','200','918160810053',NULL,0,200,NULL,NULL,35),(34,1,'2018-03-18 00:17:44','',1,'2018-03-18 00:17:44',0,'OK : 918160810053','200','918160810053',NULL,0,200,NULL,NULL,36),(35,1,'2018-03-18 00:19:17','',1,'2018-03-18 00:19:17',0,'OK : 918160810053','200','918160810053',NULL,0,200,NULL,NULL,37),(36,1,'2018-03-18 00:48:29','',1,'2018-03-18 00:48:29',0,'OK : 918160810053','200','918160810053',NULL,0,200,NULL,NULL,38),(37,1,'2018-03-18 00:51:02','',1,'2018-03-18 00:51:02',0,'OK : 918160810053','200','918160810053',NULL,0,200,NULL,NULL,39),(38,1,'2018-03-18 00:52:10','',1,'2018-03-18 00:52:10',0,'OK : 918160810053','200','918160810053',NULL,0,200,NULL,NULL,40),(39,1,'2018-03-18 00:53:36','',1,'2018-03-18 00:53:36',0,'OK : 918160810053','200','918160810053',NULL,0,200,NULL,NULL,41),(40,1,'2018-03-18 00:55:14','',1,'2018-03-18 00:55:14',0,'OK : 918160810053','200','918160810053',NULL,0,200,NULL,NULL,42),(41,1,'2018-03-18 02:09:36','',1,'2018-03-18 02:09:36',0,'OK : 918460387748','200','918460387748',NULL,0,200,NULL,NULL,43),(42,1,'2018-03-18 02:09:55','',1,'2018-03-18 02:09:55',0,'OK : 918460387748','200','918460387748',NULL,0,200,NULL,NULL,44),(43,1,'2018-03-18 02:16:14','',1,'2018-03-18 02:16:14',0,'OK : 918460387748','200','918460387748',NULL,0,200,NULL,NULL,45);
/*!40000 ALTER TABLE `notification_log` ENABLE KEYS */;
UNLOCK TABLES;

--
-- Table structure for table `notification_provider`
--

DROP TABLE IF EXISTS `notification_provider`;
/*!40101 SET @saved_cs_client     = @@character_set_client */;
/*!40101 SET character_set_client = utf8 */;
CREATE TABLE `notification_provider` (
  `id` bigint(20) unsigned NOT NULL AUTO_INCREMENT,
  `created_by` bigint(20) unsigned DEFAULT NULL,
  `created_date` datetime DEFAULT NULL,
  `is_active` bit(1) DEFAULT NULL,
  `modified_by` bigint(20) unsigned DEFAULT NULL,
  `modified_date` datetime DEFAULT NULL,
  `notification_type` varchar(255) DEFAULT NULL,
  `password` varchar(255) DEFAULT NULL,
  `property` varchar(255) DEFAULT NULL,
  `request_url` varchar(255) DEFAULT NULL,
  `username` varchar(255) DEFAULT NULL,
  `name` varchar(255) NOT NULL,
  PRIMARY KEY (`id`)
) ENGINE=InnoDB AUTO_INCREMENT=3 DEFAULT CHARSET=latin1;
/*!40101 SET character_set_client = @saved_cs_client */;

--
-- Dumping data for table `notification_provider`
--

LOCK TABLES `notification_provider` WRITE;
/*!40000 ALTER TABLE `notification_provider` DISABLE KEYS */;
INSERT INTO `notification_provider` VALUES (1,1,'2018-03-11 16:40:59','',NULL,NULL,'EMAIL',NULL,'com.lams.notification.email.vfinance',NULL,NULL,'VFinance'),(2,1,'2018-03-11 16:51:51','',NULL,NULL,'SMS',NULL,'com.lams.notification.sms.textguru',NULL,NULL,'TextGuru');
/*!40000 ALTER TABLE `notification_provider` ENABLE KEYS */;
UNLOCK TABLES;

--
-- Table structure for table `notification_template`
--

DROP TABLE IF EXISTS `notification_template`;
/*!40101 SET @saved_cs_client     = @@character_set_client */;
/*!40101 SET character_set_client = utf8 */;
CREATE TABLE `notification_template` (
  `id` bigint(20) unsigned NOT NULL AUTO_INCREMENT,
  `created_by` bigint(20) unsigned DEFAULT NULL,
  `created_date` datetime DEFAULT NULL,
  `is_active` bit(1) DEFAULT NULL,
  `modified_by` bigint(20) unsigned DEFAULT NULL,
  `modified_date` datetime DEFAULT NULL,
  `alias` varchar(255) DEFAULT NULL,
  `name` varchar(255) DEFAULT NULL,
  `notification_type` varchar(255) DEFAULT NULL,
  PRIMARY KEY (`id`),
  UNIQUE KEY `alias_UNIQUE` (`alias`),
  UNIQUE KEY `name_UNIQUE` (`name`)
) ENGINE=InnoDB AUTO_INCREMENT=4 DEFAULT CHARSET=latin1;
/*!40101 SET character_set_client = @saved_cs_client */;

--
-- Dumping data for table `notification_template`
--

LOCK TABLES `notification_template` WRITE;
/*!40000 ALTER TABLE `notification_template` DISABLE KEYS */;
INSERT INTO `notification_template` VALUES (1,1,'2018-03-11 16:44:49','',1,NULL,'EMAIL','email.ftl','EMAIL'),(2,1,'2018-03-13 01:15:59','',1,NULL,'EMAIL_LENDER_INVITATION','email_lender_invitation.ftl','EMAIL'),(3,1,'2018-03-16 23:41:13','',1,'2018-03-16 23:41:13','SMS','sms.ftl','SMS');
/*!40000 ALTER TABLE `notification_template` ENABLE KEYS */;
UNLOCK TABLES;

--
-- Table structure for table `others_details`
--

DROP TABLE IF EXISTS `others_details`;
/*!40101 SET @saved_cs_client     = @@character_set_client */;
/*!40101 SET character_set_client = utf8 */;
CREATE TABLE `others_details` (
  `id` bigint(20) NOT NULL,
  PRIMARY KEY (`id`)
) ENGINE=InnoDB DEFAULT CHARSET=latin1;
/*!40101 SET character_set_client = @saved_cs_client */;

--
-- Dumping data for table `others_details`
--

LOCK TABLES `others_details` WRITE;
/*!40000 ALTER TABLE `others_details` DISABLE KEYS */;
/*!40000 ALTER TABLE `others_details` ENABLE KEYS */;
UNLOCK TABLES;

--
-- Table structure for table `otp_logging_details`
--

DROP TABLE IF EXISTS `otp_logging_details`;
/*!40101 SET @saved_cs_client     = @@character_set_client */;
/*!40101 SET character_set_client = utf8 */;
CREATE TABLE `otp_logging_details` (
  `id` bigint(20) NOT NULL AUTO_INCREMENT,
  `created_by` bigint(20) DEFAULT NULL,
  `created_date` datetime DEFAULT NULL,
  `is_active` bit(1) DEFAULT NULL,
  `modified_by` bigint(20) DEFAULT NULL,
  `modified_date` datetime DEFAULT NULL,
  `email` varchar(255) DEFAULT NULL,
  `is_expired` bit(1) DEFAULT NULL,
  `is_verified` bit(1) DEFAULT NULL,
  `master_id` bigint(20) DEFAULT NULL,
  `mobile_no` varchar(255) DEFAULT NULL,
  `otp` varchar(255) DEFAULT NULL,
  `type_id` bigint(20) DEFAULT NULL,
  PRIMARY KEY (`id`)
) ENGINE=InnoDB AUTO_INCREMENT=22 DEFAULT CHARSET=latin1;
/*!40101 SET character_set_client = @saved_cs_client */;

--
-- Dumping data for table `otp_logging_details`
--

LOCK TABLES `otp_logging_details` WRITE;
/*!40000 ALTER TABLE `otp_logging_details` DISABLE KEYS */;
INSERT INTO `otp_logging_details` VALUES (1,18,'2018-03-17 01:30:39','',NULL,NULL,'harshsuhagiya10@gmail.com','\0','\0',18,'9722232445','361850',26),(2,19,'2018-03-17 23:11:41','',NULL,NULL,'harshsuhagiya10@gmail.com','\0','\0',19,'9722232445','566327',26),(3,20,'2018-03-17 23:15:59','\0',NULL,NULL,'harshsuhagiya10@gmail.comm','\0','\0',20,'9722232445','763028',26),(4,20,'2018-03-17 23:46:19','\0',NULL,NULL,'harshsuhagiya10@gmail.comm','\0','\0',20,'9722232445','148305',26),(5,20,'2018-03-17 23:48:55','\0',NULL,NULL,'harshsuhagiya10@gmail.comm','\0','\0',20,'9722232445','708806',26),(6,20,'2018-03-17 23:50:54','',20,'2018-03-18 00:02:22','harshsuhagiya10@gmail.comm','','\0',20,'9722232445','726750',26),(7,20,'2018-03-18 00:03:29','',20,'2018-03-18 00:03:49','harshsuhagiya10@gmail.comm','\0','',20,'9722232445','474844',26),(8,20,'2018-03-18 00:05:08','\0',NULL,NULL,'harshsuhagiya10@gmail.comm','\0','\0',20,'9722232445','040028',26),(9,20,'2018-03-18 00:08:34','',20,'2018-03-18 00:09:59','harshsuhagiya10@gmail.comm','\0','',20,'8160810053','556038',26),(10,20,'2018-03-18 00:13:01','',NULL,NULL,'harshsuhagiya10@gmail.comm','\0','\0',20,'9722232445','280030',26),(11,20,'2018-03-18 00:13:34','',20,'2018-03-18 00:17:26','harshsuhagiya10@gmail.comm','\0','',20,'8160810053','016026',26),(12,20,'2018-03-18 00:17:43','',20,'2018-03-18 00:18:08','harshsuhagiya10@gmail.comm','\0','',20,'8160810053','300078',26),(13,20,'2018-03-18 00:19:16','',20,'2018-03-18 00:19:40','harshsuhagiya10@gmail.comm','\0','',20,'8160810053','542100',26),(14,20,'2018-03-18 00:48:28','\0',NULL,NULL,'harshsuhagiya10@gmail.com','\0','\0',20,'8160810053','017044',26),(15,20,'2018-03-18 00:51:00','\0',NULL,NULL,'harshsuhagiya10@gmail.com','\0','\0',20,'8160810053','060333',26),(16,20,'2018-03-18 00:52:09','\0',NULL,NULL,'harshsuhagiya10@gmail.com','\0','\0',20,'8160810053','301735',26),(17,20,'2018-03-18 00:53:34','\0',NULL,NULL,'harshsuhagiya10@gmail.com','\0','\0',20,'8160810053','010612',26),(18,20,'2018-03-18 00:55:13','',20,'2018-03-18 00:56:28','harshsuhagiya10@gmail.com','\0','',20,'8160810053','056010',26),(19,21,'2018-03-18 02:09:33','',NULL,NULL,'patelakshay168@gmail.com','\0','\0',21,'8460387748','370207',26),(20,22,'2018-03-18 02:09:53','',NULL,NULL,'patelakshay168@gmail.com','\0','\0',22,'8460387748','015008',26),(21,23,'2018-03-18 02:16:13','',23,'2018-03-18 02:18:02','patelakshay168@gmail.com','\0','',23,'8460387748','000142',26);
/*!40000 ALTER TABLE `otp_logging_details` ENABLE KEYS */;
UNLOCK TABLES;

--
-- Table structure for table `otp_type_master`
--

DROP TABLE IF EXISTS `otp_type_master`;
/*!40101 SET @saved_cs_client     = @@character_set_client */;
/*!40101 SET character_set_client = utf8 */;
CREATE TABLE `otp_type_master` (
  `id` bigint(20) NOT NULL,
  PRIMARY KEY (`id`)
) ENGINE=InnoDB DEFAULT CHARSET=latin1;
/*!40101 SET character_set_client = @saved_cs_client */;

--
-- Dumping data for table `otp_type_master`
--

LOCK TABLES `otp_type_master` WRITE;
/*!40000 ALTER TABLE `otp_type_master` DISABLE KEYS */;
INSERT INTO `otp_type_master` VALUES (26);
/*!40000 ALTER TABLE `otp_type_master` ENABLE KEYS */;
UNLOCK TABLES;

--
-- Table structure for table `overdraft_facilities_details`
--

DROP TABLE IF EXISTS `overdraft_facilities_details`;
/*!40101 SET @saved_cs_client     = @@character_set_client */;
/*!40101 SET character_set_client = utf8 */;
CREATE TABLE `overdraft_facilities_details` (
  `id` bigint(20) NOT NULL,
  PRIMARY KEY (`id`)
) ENGINE=InnoDB DEFAULT CHARSET=latin1;
/*!40101 SET character_set_client = @saved_cs_client */;

--
-- Dumping data for table `overdraft_facilities_details`
--

LOCK TABLES `overdraft_facilities_details` WRITE;
/*!40000 ALTER TABLE `overdraft_facilities_details` DISABLE KEYS */;
/*!40000 ALTER TABLE `overdraft_facilities_details` ENABLE KEYS */;
UNLOCK TABLES;

--
-- Table structure for table `personal_loan_details`
--

DROP TABLE IF EXISTS `personal_loan_details`;
/*!40101 SET @saved_cs_client     = @@character_set_client */;
/*!40101 SET character_set_client = utf8 */;
CREATE TABLE `personal_loan_details` (
  `id` bigint(20) NOT NULL,
  `reason_for_pl` text,
  PRIMARY KEY (`id`)
) ENGINE=InnoDB DEFAULT CHARSET=latin1;
/*!40101 SET character_set_client = @saved_cs_client */;

--
-- Dumping data for table `personal_loan_details`
--

LOCK TABLES `personal_loan_details` WRITE;
/*!40000 ALTER TABLE `personal_loan_details` DISABLE KEYS */;
/*!40000 ALTER TABLE `personal_loan_details` ENABLE KEYS */;
UNLOCK TABLES;

--
-- Table structure for table `private_equity_finance_details`
--

DROP TABLE IF EXISTS `private_equity_finance_details`;
/*!40101 SET @saved_cs_client     = @@character_set_client */;
/*!40101 SET character_set_client = utf8 */;
CREATE TABLE `private_equity_finance_details` (
  `id` bigint(20) NOT NULL,
  PRIMARY KEY (`id`)
) ENGINE=InnoDB DEFAULT CHARSET=latin1;
/*!40101 SET character_set_client = @saved_cs_client */;

--
-- Dumping data for table `private_equity_finance_details`
--

LOCK TABLES `private_equity_finance_details` WRITE;
/*!40000 ALTER TABLE `private_equity_finance_details` DISABLE KEYS */;
/*!40000 ALTER TABLE `private_equity_finance_details` ENABLE KEYS */;
UNLOCK TABLES;

--
-- Table structure for table `project_finance_details`
--

DROP TABLE IF EXISTS `project_finance_details`;
/*!40101 SET @saved_cs_client     = @@character_set_client */;
/*!40101 SET character_set_client = utf8 */;
CREATE TABLE `project_finance_details` (
  `id` bigint(20) NOT NULL,
  PRIMARY KEY (`id`)
) ENGINE=InnoDB DEFAULT CHARSET=latin1;
/*!40101 SET character_set_client = @saved_cs_client */;

--
-- Dumping data for table `project_finance_details`
--

LOCK TABLES `project_finance_details` WRITE;
/*!40000 ALTER TABLE `project_finance_details` DISABLE KEYS */;
/*!40000 ALTER TABLE `project_finance_details` ENABLE KEYS */;
UNLOCK TABLES;

--
-- Table structure for table `salutation_mstr`
--

DROP TABLE IF EXISTS `salutation_mstr`;
/*!40101 SET @saved_cs_client     = @@character_set_client */;
/*!40101 SET character_set_client = utf8 */;
CREATE TABLE `salutation_mstr` (
  `id` bigint(20) unsigned NOT NULL AUTO_INCREMENT,
  PRIMARY KEY (`id`),
  CONSTRAINT `fk_salutation_mstr_1` FOREIGN KEY (`id`) REFERENCES `mstr_base` (`id`) ON DELETE NO ACTION ON UPDATE NO ACTION
) ENGINE=InnoDB AUTO_INCREMENT=2 DEFAULT CHARSET=latin1;
/*!40101 SET character_set_client = @saved_cs_client */;

--
-- Dumping data for table `salutation_mstr`
--

LOCK TABLES `salutation_mstr` WRITE;
/*!40000 ALTER TABLE `salutation_mstr` DISABLE KEYS */;
INSERT INTO `salutation_mstr` VALUES (1);
/*!40000 ALTER TABLE `salutation_mstr` ENABLE KEYS */;
UNLOCK TABLES;

--
-- Table structure for table `secured_business_loan_details`
--

DROP TABLE IF EXISTS `secured_business_loan_details`;
/*!40101 SET @saved_cs_client     = @@character_set_client */;
/*!40101 SET character_set_client = utf8 */;
CREATE TABLE `secured_business_loan_details` (
  `id` bigint(20) NOT NULL,
  PRIMARY KEY (`id`)
) ENGINE=InnoDB DEFAULT CHARSET=latin1;
/*!40101 SET character_set_client = @saved_cs_client */;

--
-- Dumping data for table `secured_business_loan_details`
--

LOCK TABLES `secured_business_loan_details` WRITE;
/*!40000 ALTER TABLE `secured_business_loan_details` DISABLE KEYS */;
/*!40000 ALTER TABLE `secured_business_loan_details` ENABLE KEYS */;
UNLOCK TABLES;

--
-- Table structure for table `state_mstr`
--

DROP TABLE IF EXISTS `state_mstr`;
/*!40101 SET @saved_cs_client     = @@character_set_client */;
/*!40101 SET character_set_client = utf8 */;
CREATE TABLE `state_mstr` (
  `id` bigint(20) unsigned NOT NULL AUTO_INCREMENT,
  `country_id` bigint(20) unsigned NOT NULL,
  PRIMARY KEY (`id`),
  KEY `fk_state_mstr_2_idx` (`country_id`),
  CONSTRAINT `fk_state_mstr_1` FOREIGN KEY (`id`) REFERENCES `mstr_base` (`id`) ON DELETE NO ACTION ON UPDATE NO ACTION,
  CONSTRAINT `fk_state_mstr_2` FOREIGN KEY (`country_id`) REFERENCES `country_mstr` (`id`) ON DELETE NO ACTION ON UPDATE NO ACTION
) ENGINE=InnoDB AUTO_INCREMENT=4 DEFAULT CHARSET=latin1;
/*!40101 SET character_set_client = @saved_cs_client */;

--
-- Dumping data for table `state_mstr`
--

LOCK TABLES `state_mstr` WRITE;
/*!40000 ALTER TABLE `state_mstr` DISABLE KEYS */;
INSERT INTO `state_mstr` VALUES (3,2);
/*!40000 ALTER TABLE `state_mstr` ENABLE KEYS */;
UNLOCK TABLES;

--
-- Table structure for table `term_loan_details`
--

DROP TABLE IF EXISTS `term_loan_details`;
/*!40101 SET @saved_cs_client     = @@character_set_client */;
/*!40101 SET character_set_client = utf8 */;
CREATE TABLE `term_loan_details` (
  `id` bigint(20) NOT NULL,
  PRIMARY KEY (`id`)
) ENGINE=InnoDB DEFAULT CHARSET=latin1;
/*!40101 SET character_set_client = @saved_cs_client */;

--
-- Dumping data for table `term_loan_details`
--

LOCK TABLES `term_loan_details` WRITE;
/*!40000 ALTER TABLE `term_loan_details` DISABLE KEYS */;
/*!40000 ALTER TABLE `term_loan_details` ENABLE KEYS */;
UNLOCK TABLES;

--
-- Table structure for table `user`
--

DROP TABLE IF EXISTS `user`;
/*!40101 SET @saved_cs_client     = @@character_set_client */;
/*!40101 SET character_set_client = utf8 */;
CREATE TABLE `user` (
  `id` bigint(20) NOT NULL AUTO_INCREMENT,
  `name` varchar(45) DEFAULT NULL,
  `email` varchar(45) DEFAULT NULL,
  `mobile` varchar(45) DEFAULT NULL,
  `password` varchar(45) DEFAULT NULL,
  `is_accept_term_condition` bit(1) DEFAULT NULL,
  `first_name` varchar(45) DEFAULT NULL,
  `last_name` varchar(45) DEFAULT NULL,
  `middle_name` varchar(45) DEFAULT NULL,
  `birth_date` datetime DEFAULT NULL,
  `is_email_verified` bit(1) DEFAULT NULL,
  `gender` bigint(20) DEFAULT NULL,
  `is_otp_verified` bit(1) DEFAULT NULL,
  `user_type` bigint(20) DEFAULT NULL,
  `bank` bigint(20) DEFAULT NULL,
  `created_by` bigint(20) DEFAULT NULL,
  `created_date` datetime DEFAULT NULL,
  `modified_by` bigint(20) DEFAULT NULL,
  `modified_date` datetime DEFAULT NULL,
  `is_active` bit(1) DEFAULT NULL,
  `employment_type` bigint(20) DEFAULT NULL,
  `employer_name` varchar(45) DEFAULT NULL,
  `employment_address` varchar(45) DEFAULT NULL,
  `gross_monthly_income` double DEFAULT NULL,
  `total_work_experience` int(11) DEFAULT NULL,
  `self_employed_type` bigint(20) DEFAULT NULL,
  `entity_name` varchar(45) DEFAULT NULL,
  `entity_type` bigint(20) DEFAULT NULL,
  `salutation` bigint(20) unsigned DEFAULT NULL,
  `communication_add` bigint(20) DEFAULT NULL,
  `permanent_add` bigint(20) DEFAULT NULL,
  `pan_card` varchar(45) DEFAULT NULL,
  `aadhar_card_no` varchar(45) DEFAULT NULL,
  `edu_qualification` varchar(45) DEFAULT NULL,
  `contact_number` varchar(45) DEFAULT NULL,
  `invitation_count` int(3) unsigned NOT NULL DEFAULT '0',
  `temp_password` varchar(100) DEFAULT NULL,
  `is_same_us_address` bit(1) DEFAULT NULL,
  PRIMARY KEY (`id`),
  KEY `fk_user_mstr_bank` (`bank`),
  KEY `fk_user_mst_per_add_idx` (`permanent_add`),
  KEY `fk_user_com_add_idx` (`communication_add`),
  CONSTRAINT `fk_user_comm_add` FOREIGN KEY (`communication_add`) REFERENCES `address_mstr` (`id`) ON DELETE NO ACTION ON UPDATE NO ACTION,
  CONSTRAINT `fk_user_mstr_bank` FOREIGN KEY (`bank`) REFERENCES `bank_mstr` (`id`) ON DELETE NO ACTION ON UPDATE NO ACTION,
  CONSTRAINT `fk_user_perm_add` FOREIGN KEY (`permanent_add`) REFERENCES `address_mstr` (`id`) ON DELETE NO ACTION ON UPDATE NO ACTION
) ENGINE=InnoDB AUTO_INCREMENT=24 DEFAULT CHARSET=latin1;
/*!40101 SET character_set_client = @saved_cs_client */;

--
-- Dumping data for table `user`
--

LOCK TABLES `user` WRITE;
/*!40000 ALTER TABLE `user` DISABLE KEYS */;
INSERT INTO `user` VALUES (1,NULL,'harshsuhagiya100@gmail.com','9722232446','e10adc3949ba59abbe56e057f20f883e','','Harshit','Suhagiya','K','1994-06-13 00:00:00','\0',1,'\0',2,NULL,NULL,'2018-02-19 03:00:53',1,'2018-03-11 19:45:33','',1,'Test','India',2000,3,1,'TEst',3,1,NULL,NULL,'EPHPS89566L','6565989565665','BEIT','985656565656',0,'',''),(3,'admin','admin@gmail.com','8975849586','e8e99ce7fa9c15f522e21e2fb2cc752c',NULL,NULL,NULL,NULL,NULL,NULL,NULL,NULL,NULL,NULL,NULL,NULL,NULL,NULL,'',NULL,NULL,NULL,NULL,NULL,NULL,NULL,NULL,NULL,NULL,NULL,NULL,NULL,NULL,NULL,0,'',NULL),(7,NULL,'sap3791@yahoo.com','9925637933','4c435cacd7518889c0992403aef86208','','Sahil','Patel','Ashvinbhai',NULL,'\0',NULL,'\0',1,1,3,'2018-02-26 01:28:12',3,'2018-03-15 01:06:38','',NULL,NULL,NULL,NULL,NULL,NULL,NULL,NULL,1,NULL,NULL,NULL,NULL,NULL,NULL,1,'sahil@123',NULL),(8,NULL,'rahulweb@live.com','9274584165','ebaaba27b32928a25f2ad6185fc0cc74','','Rahul','Gupta','L',NULL,'\0',NULL,'\0',1,2,3,'2018-02-26 01:28:50',3,'2018-03-15 01:08:10','',NULL,NULL,NULL,NULL,NULL,NULL,NULL,NULL,NULL,NULL,NULL,NULL,NULL,NULL,NULL,1,'rahul@123',NULL),(16,NULL,'kushal@capitaworld.com','7859458565','fa924f31a7070ed9c329677ab58140b6','','Kushal','shah','C',NULL,'\0',NULL,'\0',1,1,3,'2018-03-14 03:56:13',3,'2018-03-15 01:27:08','',NULL,NULL,NULL,NULL,NULL,NULL,NULL,NULL,1,NULL,NULL,NULL,NULL,NULL,NULL,1,'kushal@123',NULL),(17,NULL,'akshay.patel@capitaworld.com','7895465258','b59c67bf196a4758191e42f76670ceba','','Akshay','Patel','P',NULL,'\0',NULL,'\0',1,1,3,'2018-03-14 04:01:48',3,'2018-03-15 01:34:10','',NULL,NULL,NULL,NULL,NULL,NULL,NULL,NULL,1,NULL,NULL,NULL,NULL,NULL,NULL,7,'1111',NULL),(20,'Harshit Suhagiya','harshsuhagiya10@gmail.com','8160810053','e10adc3949ba59abbe56e057f20f883e','','Harshit','Suhagiya','Kantibhai',NULL,'\0',1,'',2,NULL,NULL,'2018-03-17 23:15:59',20,'2018-03-18 01:51:29','',NULL,NULL,NULL,NULL,NULL,NULL,NULL,NULL,1,NULL,NULL,'DDMPP7848D',NULL,NULL,NULL,0,NULL,''),(23,'Akshay','patelakshay168@gmail.com','8460387748','b59c67bf196a4758191e42f76670ceba','','Akshay','Patel','P',NULL,'\0',1,'',2,NULL,NULL,'2018-03-18 02:15:32',23,'2018-03-18 02:20:02','',NULL,NULL,NULL,NULL,NULL,NULL,NULL,NULL,1,NULL,NULL,'DRDDD1212D','789454454545','MCA','8449651515',0,NULL,'');
/*!40000 ALTER TABLE `user` ENABLE KEYS */;
UNLOCK TABLES;

--
-- Table structure for table `working_capital_loan_details`
--

DROP TABLE IF EXISTS `working_capital_loan_details`;
/*!40101 SET @saved_cs_client     = @@character_set_client */;
/*!40101 SET character_set_client = utf8 */;
CREATE TABLE `working_capital_loan_details` (
  `id` bigint(20) NOT NULL,
  PRIMARY KEY (`id`)
) ENGINE=InnoDB DEFAULT CHARSET=latin1;
/*!40101 SET character_set_client = @saved_cs_client */;

--
-- Dumping data for table `working_capital_loan_details`
--

LOCK TABLES `working_capital_loan_details` WRITE;
/*!40000 ALTER TABLE `working_capital_loan_details` DISABLE KEYS */;
/*!40000 ALTER TABLE `working_capital_loan_details` ENABLE KEYS */;
UNLOCK TABLES;
/*!40103 SET TIME_ZONE=@OLD_TIME_ZONE */;

/*!40101 SET SQL_MODE=@OLD_SQL_MODE */;
/*!40014 SET FOREIGN_KEY_CHECKS=@OLD_FOREIGN_KEY_CHECKS */;
/*!40014 SET UNIQUE_CHECKS=@OLD_UNIQUE_CHECKS */;
/*!40101 SET CHARACTER_SET_CLIENT=@OLD_CHARACTER_SET_CLIENT */;
/*!40101 SET CHARACTER_SET_RESULTS=@OLD_CHARACTER_SET_RESULTS */;
/*!40101 SET COLLATION_CONNECTION=@OLD_COLLATION_CONNECTION */;
/*!40111 SET SQL_NOTES=@OLD_SQL_NOTES */;

-- Dump completed on 2018-03-18  2:55:54


INSERT INTO `lams`.`notification_template` (`created_by`, `created_date`, `is_active`, `alias`, `name`, `notification_type`) VALUES (1, NOW(), 1, 'EMAIL_VERIFY_ACCOUNT', 'email_verify_account.ftl', 'EMAIL');
INSERT INTO `lams`.`notification_template` (`created_by`, `created_date`, `is_active`, `modified_by`, `modified_date`, `alias`, `name`, `notification_type`) VALUES (1, NOW(), 1, 1, NOW(), 'FORGOT_PASSWORD_EMAIL', 'forgot_password_email.ftl', 'EMAIL');